question,correct_top_uris
Which granulate can I use to perform dry cleaning of the turbocharger?,"[""17780484491.html""]"
What are the protective measures that should be followed when using anticorrosive agents?,"[""D010.000.023-13-0001.html"", ""1759668875.html""]"
What is the procedure for tightening connecting rod screws?,"[""M5060125-04.html""]"
What are some possible causes and remedies for running difficulties in an engine?,"[""7417593483.html""]"
What are the methods for checking the oil condition and how often should oil samples be sent for analysis?,"[""3065-0151-0001.html"", ""14114445835.html""]"
What can cause excessive wear in bearings?,"[""6957920011.html""]"
What can be observed during sea trial regarding the cylinder condition and Alu-coat peeling off?,"[""7714370315.html"", ""53512249483.html""]"
What should be done if oil mist is present in the crankcase?,"[""9452871051.html"", ""6645-0300-0002.html""]"
What checks should be made immediately after starting the engine?,"[""D50110-01.html"", ""16496276875.html""]"
What are the different conditions and issues that can be observed in a liner?,"[""7714370315.html""]"
What is the purpose of the lubricators in the cylinder liner?,"[""3045-0110-0011.html""]"
What are the steps for dismantling the cylinder lubricator?,"[""22977553035.html""]"
What are the approved fuels for use,"[""37242963083.html"", ""D010.000.023-01-0001.html""]"
What steps should be taken to start the HFO system on a non-Dual Fuel engine?,"[""D50101-22.html"", ""D50101-22.html""]"
What is the importance of cleaning the intake air and maintaining the air filter in an engine?,"[""953248907.html"", ""43304843.html""]"
What are the steps to take when dealing with engines with two or more turbochargers?,"[""60664216075.html"", ""15732272395.html""]"
What is spark erosion and what causes it?,"[""6958080651.html""]"
What is the procedure for shutting off the starting air supply at the starting air receiver?,"[""9665289611.html""]"
How can the piston ring gap be checked for new rings?,"[""7714433035.html""]"
What is the condition and valuation for the limit case of permanent breakage of the running surface?,"[""M5060116-05.html""]"
